__time,/front_left_drive_31/controller_status/active_errors,/front_left_drive_31/controller_status/axis_state,/front_left_drive_31/controller_status/iq_measured,/front_left_drive_31/controller_status/iq_setpoint,/front_left_drive_31/controller_status/pos_estimate,/front_left_drive_31/controller_status/procedure_result,/front_left_drive_31/controller_status/torque_estimate,/front_left_drive_31/controller_status/torque_target,/front_left_drive_31/controller_status/trajectory_done_flag,/front_left_drive_31/controller_status/vel_estimate,/front_left_drive_41/controller_status/active_errors,/front_left_drive_41/controller_status/axis_state,/front_left_drive_41/controller_status/iq_measured,/front_left_drive_41/controller_status/iq_setpoint,/front_left_drive_41/controller_status/pos_estimate,/front_left_drive_41/controller_status/procedure_result,/front_left_drive_41/controller_status/torque_estimate,/front_left_drive_41/controller_status/torque_target,/front_left_drive_41/controller_status/trajectory_done_flag,/front_left_drive_41/controller_status/vel_estimate,/front_left_steer_21/controller_status/active_errors,/front_left_steer_21/controller_status/axis_state,/front_left_steer_21/controller_status/iq_measured,/front_left_steer_21/controller_status/iq_setpoint,/front_left_steer_21/controller_status/pos_estimate,/front_left_steer_21/controller_status/procedure_result,/front_left_steer_21/controller_status/torque_estimate,/front_left_steer_21/controller_status/torque_target,/front_left_steer_21/controller_status/trajectory_done_flag,/front_left_steer_21/controller_status/vel_estimate,/front_right_drive_32/controller_status/active_errors,/front_right_drive_32/controller_status/axis_state,/front_right_drive_32/controller_status/iq_measured,/front_right_drive_32/controller_status/iq_setpoint,/front_right_drive_32/controller_status/pos_estimate,/front_right_drive_32/controller_status/procedure_result,/front_right_drive_32/controller_status/torque_estimate,/front_right_drive_32/controller_status/torque_target,/front_right_drive_32/controller_status/trajectory_done_flag,/front_right_drive_32/controller_status/vel_estimate,/front_right_drive_42/controller_status/active_errors,/front_right_drive_42/controller_status/axis_state,/front_right_drive_42/controller_status/iq_measured,/front_right_drive_42/controller_status/iq_setpoint,/front_right_drive_42/controller_status/pos_estimate,/front_right_drive_42/controller_status/procedure_result,/front_right_drive_42/controller_status/torque_estimate,/front_right_drive_42/controller_status/torque_target,/front_right_drive_42/controller_status/trajectory_done_flag,/front_right_drive_42/controller_status/vel_estimate,/front_right_steer_22/controller_status/active_errors,/front_right_steer_22/controller_status/axis_state,/front_right_steer_22/controller_status/iq_measured,/front_right_steer_22/controller_status/iq_setpoint,/front_right_steer_22/controller_status/pos_estimate,/front_right_steer_22/controller_status/procedure_result,/front_right_steer_22/controller_status/torque_estimate,/front_right_steer_22/controller_status/torque_target,/front_right_steer_22/controller_status/trajectory_done_flag,/front_right_steer_22/controller_status/vel_estimate,/middle_left_drive_33/controller_status/active_errors,/middle_left_drive_33/controller_status/axis_state,/middle_left_drive_33/controller_status/iq_measured,/middle_left_drive_33/controller_status/iq_setpoint,/middle_left_drive_33/controller_status/pos_estimate,/middle_left_drive_33/controller_status/procedure_result,/middle_left_drive_33/controller_status/torque_estimate,/middle_left_drive_33/controller_status/torque_target,/middle_left_drive_33/controller_status/trajectory_done_flag,/middle_left_drive_33/controller_status/vel_estimate,/middle_left_drive_43/controller_status/active_errors,/middle_left_drive_43/controller_status/axis_state,/middle_left_drive_43/controller_status/iq_measured,/middle_left_drive_43/controller_status/iq_setpoint,/middle_left_drive_43/controller_status/pos_estimate,/middle_left_drive_43/controller_status/procedure_result,/middle_left_drive_43/controller_status/torque_estimate,/middle_left_drive_43/controller_status/torque_target,/middle_left_drive_43/controller_status/trajectory_done_flag,/middle_left_drive_43/controller_status/vel_estimate,/middle_left_steer_23/controller_status/active_errors,/middle_left_steer_23/controller_status/axis_state,/middle_left_steer_23/controller_status/iq_measured,/middle_left_steer_23/controller_status/iq_setpoint,/middle_left_steer_23/controller_status/pos_estimate,/middle_left_steer_23/controller_status/procedure_result,/middle_left_steer_23/controller_status/torque_estimate,/middle_left_steer_23/controller_status/torque_target,/middle_left_steer_23/controller_status/trajectory_done_flag,/middle_left_steer_23/controller_status/vel_estimate,/middle_right_drive_34/controller_status/active_errors,/middle_right_drive_34/controller_status/axis_state,/middle_right_drive_34/controller_status/iq_measured,/middle_right_drive_34/controller_status/iq_setpoint,/middle_right_drive_34/controller_status/pos_estimate,/middle_right_drive_34/controller_status/procedure_result,/middle_right_drive_34/controller_status/torque_estimate,/middle_right_drive_34/controller_status/torque_target,/middle_right_drive_34/controller_status/trajectory_done_flag,/middle_right_drive_34/controller_status/vel_estimate,/middle_right_drive_44/controller_status/active_errors,/middle_right_drive_44/controller_status/axis_state,/middle_right_drive_44/controller_status/iq_measured,/middle_right_drive_44/controller_status/iq_setpoint,/middle_right_drive_44/controller_status/pos_estimate,/middle_right_drive_44/controller_status/procedure_result,/middle_right_drive_44/controller_status/torque_estimate,/middle_right_drive_44/controller_status/torque_target,/middle_right_drive_44/controller_status/trajectory_done_flag,/middle_right_drive_44/controller_status/vel_estimate,/middle_right_steer_24/controller_status/active_errors,/middle_right_steer_24/controller_status/axis_state,/middle_right_steer_24/controller_status/iq_measured,/middle_right_steer_24/controller_status/iq_setpoint,/middle_right_steer_24/controller_status/pos_estimate,/middle_right_steer_24/controller_status/procedure_result,/middle_right_steer_24/controller_status/torque_estimate,/middle_right_steer_24/controller_status/torque_target,/middle_right_steer_24/controller_status/trajectory_done_flag,/middle_right_steer_24/controller_status/vel_estimate,/rear_left_drive_35/controller_status/active_errors,/rear_left_drive_35/controller_status/axis_state,/rear_left_drive_35/controller_status/iq_measured,/rear_left_drive_35/controller_status/iq_setpoint,/rear_left_drive_35/controller_status/pos_estimate,/rear_left_drive_35/controller_status/procedure_result,/rear_left_drive_35/controller_status/torque_estimate,/rear_left_drive_35/controller_status/torque_target,/rear_left_drive_35/controller_status/trajectory_done_flag,/rear_left_drive_35/controller_status/vel_estimate,/rear_left_drive_45/controller_status/active_errors,/rear_left_drive_45/controller_status/axis_state,/rear_left_drive_45/controller_status/iq_measured,/rear_left_drive_45/controller_status/iq_setpoint,/rear_left_drive_45/controller_status/pos_estimate,/rear_left_drive_45/controller_status/procedure_result,/rear_left_drive_45/controller_status/torque_estimate,/rear_left_drive_45/controller_status/torque_target,/rear_left_drive_45/controller_status/trajectory_done_flag,/rear_left_drive_45/controller_status/vel_estimate,/rear_left_steer_25/controller_status/active_errors,/rear_left_steer_25/controller_status/axis_state,/rear_left_steer_25/controller_status/iq_measured,/rear_left_steer_25/controller_status/iq_setpoint,/rear_left_steer_25/controller_status/pos_estimate,/rear_left_steer_25/controller_status/procedure_result,/rear_left_steer_25/controller_status/torque_estimate,/rear_left_steer_25/controller_status/torque_target,/rear_left_steer_25/controller_status/trajectory_done_flag,/rear_left_steer_25/controller_status/vel_estimate,/rear_right_drive_36/controller_status/active_errors,/rear_right_drive_36/controller_status/axis_state,/rear_right_drive_36/controller_status/iq_measured,/rear_right_drive_36/controller_status/iq_setpoint,/rear_right_drive_36/controller_status/pos_estimate,/rear_right_drive_36/controller_status/procedure_result,/rear_right_drive_36/controller_status/torque_estimate,/rear_right_drive_36/controller_status/torque_target,/rear_right_drive_36/controller_status/trajectory_done_flag,/rear_right_drive_36/controller_status/vel_estimate,/rear_right_drive_46/controller_status/active_errors,/rear_right_drive_46/controller_status/axis_state,/rear_right_drive_46/controller_status/iq_measured,/rear_right_drive_46/controller_status/iq_setpoint,/rear_right_drive_46/controller_status/pos_estimate,/rear_right_drive_46/controller_status/procedure_result,/rear_right_drive_46/controller_status/torque_estimate,/rear_right_drive_46/controller_status/torque_target,/rear_right_drive_46/controller_status/trajectory_done_flag,/rear_right_drive_46/controller_status/vel_estimate,/rear_right_steer_26/controller_status/active_errors,/rear_right_steer_26/controller_status/axis_state,/rear_right_steer_26/controller_status/iq_measured,/rear_right_steer_26/controller_status/iq_setpoint,/rear_right_steer_26/controller_status/pos_estimate,/rear_right_steer_26/controller_status/procedure_result,/rear_right_steer_26/controller_status/torque_estimate,/rear_right_steer_26/controller_status/torque_target,/rear_right_steer_26/controller_status/trajectory_done_flag,/rear_right_steer_26/controller_status/vel_estimate
1753891211.110163,,,,,,,,,,,,,,,,,,,,,,,,,,,,,,,,,,,,,,,,,,,,,,,,,,,,,,,,,,,,,,,,,,,,,,,,,,,,,,,,,,,,,,,,,,,,,,,,,,,,,,,,,,,,,,,,,,,,,,,,,,,,,,,,,,,,,,,,,,,,,0,8,-1.653451562,-1.754126906,-0.00277102,0,0.031754483,0.030678162,1,0.000235176,,,,,,,,,,,,,,,,,,,,,,,,,,,,,,
1753891211.210882,,,,,,,,,,,,,,,,,,,,,,,,,,,,,,,,,,,,,,,,,,,,,,,,,,,,,,,,,,,,,,,,,,,,,,,,,,,,,,,,,,,,,,,,,,,,,,,,,,,,,,,,,,,,,,,,,,,,,,,,,,,,,,,,,,,,,,,,,,,,,0,8,-1.934047341,-1.891889095,-0.00286144,0,0.029237103,0.03307306,1,-0.003465005,,,,,,,,,,,,,,,,,,,,,,,,,,,,,,
1753891211.324972,,,,,,,,,,,,,,,,,,,,,,,,,,,,,,,,,,,,,,,,,,,,,,,,,,,,,,,,,,,,,,,,,,,,,,,,,,,,,,,,,,,,,,,,,,,,,,,,,,,,,,,,,,,,,,,,,,,,,,,,,,,,,,,,,,,,,,,,,,,,,0,8,-1.94170928,-2.000221252,-0.002892017,0,0.033862829,0.0349277,1,0.000117829,,,,,,,,,,,,,,,,,,,,,,,,,,,,,,
1753891211.711995,,,,,,,,,,,,,,,,,,,,,0,8,-0.548183501,-0.545777857,0.000349641,0,0.011123826,0.009517781,1,0.000716726,,,,,,,,,,,,,,,,,,,,,,,,,,,,,,,,,,,,,,,,,,,,,,,,,,,,,,,,,,,,,,,,,,,,,,,,,,,,,,,,,,,,,,,,,,,,,,,,,,,,,,,,,,,,,,,,,,,,,,,,,,,,,,,,,,,,,,,,,,,,,,,,,,,,,,
1753891211.712821,,,,,,,,,,,,,,,,,,,,,,,,,,,,,,,,,,,,,,,,,,,,,,,,,,,,,,,,,,,,,,,,,,,,,,,,,,,,,,,,,,,,,,,,,,,,,,,,,,,,,,,,,,,,,,,,,,,,,,,,,,,,,,,,,,,,,,,,,,,,,0,8,-1.816743612,-2.029393673,-0.002770364,0,0.032018743,0.035470467,1,0.003532728,,,,,,,,,,,,,,,,,,,,,,,,,,,,,,
1753891211.712841,,,,,,,,,,,,,,,,,,,,,,,,,,,,,,,0,8,-0.009864932,0,-224.4890594,0,-0.000650315,0,1,0,,,,,,,,,,,,,,,,,,,,,,,,,,,,,,,,,,,,,,,,,,,,,,,,,,,,,,,,,,,,,,,,,,,,,,,,,,,,,,,,,,,,,,,,,,,,,,,,,,,,,,,,,,,,,,,,,,,,,,,,,,,,,,,,,,,,,,,,,,,,
1753891211.713031,,,,,,,,,,,,,,,,,,,,,,,,,,,,,,,,,,,,,,,,,,,,,,,,,,,,,,,,,,,,,,,,,,,,,,,,,,,,,,,,,,,,,,,,,,,,,,,,,,,,,,,,,,,,,,,,,,,,,,,,,,,,,,,,,,,,,,,,,,,,,0,8,-0.957461476,-0.738396823,0.00171411,0,0.016631573,0.012814921,1,0.046284236,,,,,,,,,,,,,,,,,,,,,,,,,,,,,,
1753891211.713048,,,,,,,,,,,,,,,,,,,,,0,8,-0.414388895,-0.529779613,0.000348747,0,0.009125436,0.009255666,1,0.000749434,,,,,,,,,,,,,,,,,,,,,,,,,,,,,,,,,,,,,,,,,,,,,,,,,,,,,,,,,,,,,,,,,,,,,,,,,,,,,,,,,,,,,,,,,,,,,,,,,,,,,,,,,,,,,,,,,,,,,,,,,,,,,,,,,,,,,,,,,,,,,,,,,,,,,,
1753891211.713057,,,,,,,,,,,,,,,,,,,,,,,,,,,,,,,0,8,-0.145403683,0,-224.4890594,0,0.000145576,0,1,0,,,,,,,,,,,,,,,,,,,,,,,,,,,,,,,,,,,,,,,,,,,,,,,,,,,,,,,,,,,,,,,,,,,,,,,,,,,,,,,,,,,,,,,,,,,,,,,,,,,,,,,,,,,,,,,,,,,,,,,,,,,,,,,,,,,,,,,,,,,,
1753891211.713086,,,,,,,,,,,,,,,,,,,,,,,,,,,,,,,,,,,,,,,,,,,,,,,,,,,,,,,,,,,,,,,,,,,,,,,,,,,,,,,,,,,,,,,,,,,,,,,,,,,,,,,,,,,,,,,,,,,,,,,,,,,,,,,,,,,,,,,,,,,,,0,8,-0.326302797,-0.072563127,0.004995406,0,0.002567948,0.001171534,1,0.031815134,,,,,,,,,,,,,,,,,,,,,,,,,,,,,,
1753891211.713096,,,,,,,,,,,,,,,,,,,,,0,8,-0.487218738,-0.541682005,0.000309229,0,0.008249214,0.009514259,1,-0.000899231,,,,,,,,,,,,,,,,,,,,,,,,,,,,,,,,,,,,,,,,,,,,,,,,,,,,,,,,,,,,,,,,,,,,,,,,,,,,,,,,,,,,,,,,,,,,,,,,,,,,,,,,,,,,,,,,,,,,,,,,,,,,,,,,,,,,,,,,,,,,,,,,,,,,,,
1753891211.713105,,,,,,,,,,,,,,,,,,,,,,,,,,,,,,,0,8,0.028289568,0,-224.4890594,0,-0.001038012,0,1,0,,,,,,,,,,,,,,,,,,,,,,,,,,,,,,,,,,,,,,,,,,,,,,,,,,,,,,,,,,,,,,,,,,,,,,,,,,,,,,,,,,,,,,,,,,,,,,,,,,,,,,,,,,,,,,,,,,,,,,,,,,,,,,,,,,,,,,,,,,,,
1753891211.713132,,,,,,,,,,,,,,,,,,,,,,,,,,,,,,,,,,,,,,,,,,,,,,,,,,,,,,,,,,,,,,,,,,,,,,,,,,,,,,,,,,,,,,,,,,,,,,,,,,,,,,,,,,,,,,,,,,,,,,,,,,,,,,,,,,,,,,,,,,,,,0,8,0.693705738,0.529609442,0.007643819,0,-0.012060937,-0.009340123,1,0.002674051,,,,,,,,,,,,,,,,,,,,,,,,,,,,,,
1753891211.713142,,,,,,,,,,,,,,,,,,,,,0,8,-0.601025343,-0.540308535,0.000291705,0,0.010952946,0.009426977,1,-0.001816397,,,,,,,,,,,,,,,,,,,,,,,,,,,,,,,,,,,,,,,,,,,,,,,,,,,,,,,,,,,,,,,,,,,,,,,,,,,,,,,,,,,,,,,,,,,,,,,,,,,,,,,,,,,,,,,,,,,,,,,,,,,,,,,,,,,,,,,,,,,,,,,,,,,,,,
1753891211.735186,,,,,,,,,,,,,,,,,,,,,,,,,,,,,,,0,8,0.066805653,0,-224.4890594,0,0.000223364,0,1,0,,,,,,,,,,,,,,,,,,,,,,,,,,,,,,,,,,,,,,,,,,,,,,,,,,,,,,,,,,,,,,,,,,,,,,,,,,,,,,,,,,,,,,,,,,,,,,,,,,,,,,,,,,,,,,,,,,,,,,,,,,,,,,,,,,,,,,,,,,,,
1753891211.803018,,,,,,,,,,,,,,,,,,,,,0,8,-0.525235474,-0.494089901,0.000359178,0,0.008087693,0.008638057,1,0.000548939,,,,,,,,,,,,,,,,,,,,,,,,,,,,,,,,,,,,,,,,,,,,,,,,,,,,,,,,,,,,,,,,,,,,,,,,,,,,,,,,,,,,,,,,,,,,,,,,,,,,,,,,,,,,,,,,,,,,,,,,,,,,,,,,,,,,,,,,,,,,,,,,,,,,,,
1753891211.811960,,,,,,,,,,,,,,,,,,,,,,,,,,,,,,,,,,,,,,,,,,,,,,,,,,,,,,,,,,,,,,,,,,,,,,,,,,,,,,,,,,,,,,,,,,,,,,,,,,,,,,,,,,,,,,,,,,,,,,,,,,,,,,,,,,,,,,,,,,,,,0,8,0.416938335,0.727635503,0.007523,0,-0.014408383,-0.012746387,1,0.001726262,,,,,,,,,,,,,,,,,,,,,,,,,,,,,,
1753891211.836215,,,,,,,,,,,,,,,,,,,,,,,,,,,,,,,0,8,0.024471432,0,-224.4890594,0,-0.002010197,0,1,0,,,,,,,,,,,,,,,,,,,,,,,,,,,,,,,,,,,,,,,,,,,,,,,,,,,,,,,,,,,,,,,,,,,,,,,,,,,,,,,,,,,,,,,,,,,,,,,,,,,,,,,,,,,,,,,,,,,,,,,,,,,,,,,,,,,,,,,,,,,,
1753891211.903594,,,,,,,,,,,,,,,,,,,,,0,8,-0.522460103,-0.489640743,0.0003227,0,0.009134768,0.008549864,1,0.000361184,,,,,,,,,,,,,,,,,,,,,,,,,,,,,,,,,,,,,,,,,,,,,,,,,,,,,,,,,,,,,,,,,,,,,,,,,,,,,,,,,,,,,,,,,,,,,,,,,,,,,,,,,,,,,,,,,,,,,,,,,,,,,,,,,,,,,,,,,,,,,,,,,,,,,,
1753891211.910074,,,,,,,,,,,,,,,,,,,,,,,,,,,,,,,,,,,,,,,,,0,8,0.163175955,0,-224.5581818,0,0.000106803,0,1,0,,,,,,,,,,,,,,,,,,,,,,,,,,,,,,,,,,,,,,,,,,,,,,,,,,,,,,,,,,,,,,,,,,,,,,,,,,,,,,,,,,,,,,,,,,,,,,,,,,,,,,,,,,,,,,,,,,,,,,,,,,,,,,,,,,
1753891211.910635,,,,,,,,,,,,,,,,,,,,,,,,,,,,,,,,,,,,,,,,,,,,,,,,,,,,,,,,,,,,,,,,,,,,,,,,,,,,,,,,,,,,,,,,,,,,,,,,,,,,,,,,,,,,,,,,,,,,,,,,,,,,,,,,,,,,,,,,,,,,,0,8,1.039096236,1.044367313,0.007431924,0,-0.019281669,-0.018265342,1,0.001248605,,,,,,,,,,,,,,,,,,,,,,,,,,,,,,
1753891211.939502,,,,,,,,,,,,,,,,,,,,,,,,,,,,,,,0,8,0.071418218,0,-224.4890594,0,0.000429631,0,1,0,,,,,,,,,,,,,,,,,,,,,,,,,,,,,,,,,,,,,,,,,,,,,,,,,,,,,,,,,,,,,,,,,,,,,,,,,,,,,,,,,,,,,,,,,,,,,,,,,,,,,,,,,,,,,,,,,,,,,,,,,,,,,,,,,,,,,,,,,,,,
1753891212.003521,,,,,,,,,,,,,,,,,,,,,0,8,-0.372301549,-0.488881528,0.000308573,0,0.008799098,0.008536415,1,-0.000398105,,,,,,,,,,,,,,,,,,,,,,,,,,,,,,,,,,,,,,,,,,,,,,,,,,,,,,,,,,,,,,,,,,,,,,,,,,,,,,,,,,,,,,,,,,,,,,,,,,,,,,,,,,,,,,,,,,,,,,,,,,,,,,,,,,,,,,,,,,,,,,,,,,,,,,
1753891212.010281,,,,,,,,,,,,,,,,,,,,,,,,,,,,,,,,,,,,,,,,,0,8,0.104468837,0,-224.5581818,0,-0.000690213,0,1,0,,,,,,,,,,,,,,,,,,,,,,,,,,,,,,,,,,,,,,,,,,,,,,,,,,,,,,,,,,,,,,,,,,,,,,,,,,,,,,,,,,,,,,,,,,,,,,,,,,,,,,,,,,,,,,,,,,,,,,,,,,,,,,,,,,
1753891212.011100,,,,,,,,,,,,,,,,,,,,,,,,,,,,,,,,,,,,,,,,,,,,,,,,,,,,,,,,,,,,,,,,,,,,,,,,,,,,,,,,,,,,,,,,,,,,,,,,,,,,,,,,,,,,,,,,,,,,,,,,,,,,,,,,,,,,,,,,,,,,,0,8,1.216789126,1.257802248,0.007421017,0,-0.022134606,-0.021948636,1,-0.000010394,,,,,,,,,,,,,,,,,,,,,,,,,,,,,,
1753891212.017565,,,,,,,,,,,,,,,,,,,,,,,,,,,,,,,,,,,,,,,,,,,,,,,,,,,0,8,-0.712453008,-0.91980356,-0.000946753,0,0.015991587,0.016096795,1,0.000111135,,,,,,,,,,,,,,,,,,,,,,,,,,,,,,,,,,,,,,,,,,,,,,,,,,,,,,,,,,,,,,,,,,,,,,,,,,,,,,,,,,,,,,,,,,,,,,,,,,,,,,,,,,,,,,,,,,,,,,,,
1753891212.035772,,,,,,,,,,,,,,,,,,,,,,,,,,,,,,,0,8,0.012744248,0,-224.4890594,0,-0.000612033,0,1,0,,,,,,,,,,,,,,,,,,,,,,,,,,,,,,,,,,,,,,,,,,,,,,,,,,,,,,,,,,,,,,,,,,,,,,,,,,,,,,,,,,,,,,,,,,,,,,,,,,,,,,,,,,,,,,,,,,,,,,,,,,,,,,,,,,,,,,,,,,,,
1753891212.056921,,,,,,,,,,,,,,,,,,,,,,,,,,,,,,,,,,,,,,,,,,,,,,,,,,,,,,,,,,,,,0,8,-0.06553138,0,310.6757202,0,-0.000815168,0,1,0,,,,,,,,,,,,,,,,,,,,,,,,,,,,,,,,,,,,,,,,,,,,,,,,,,,,,,,,,,,,,,,,,,,,,,,,,,,,,,,,,,,,,,,,,,,,,,,,,,,,,,,,,,,,,,
1753891212.104113,,,,,,,,,,,,,,,,,,,,,0,8,-0.540348232,-0.45445165,0.00033474,0,0.008004173,0.007930339,1,0.001191551,,,,,,,,,,,,,,,,,,,,,,,,,,,,,,,,,,,,,,,,,,,,,,,,,,,,,,,,,,,,,,,,,,,,,,,,,,,,,,,,,,,,,,,,,,,,,,,,,,,,,,,,,,,,,,,,,,,,,,,,,,,,,,,,,,,,,,,,,,,,,,,,,,,,,,
1753891212.120257,,,,,,,,,,,,,,,,,,,,,,,,,,,,,,,,,,,,,,,,,,,,,,,,,,,,,,,,,,,,,,,,,,,,,,,,,,,,,,,,,,,,,,,,,,,,,,,,,,,,,,,,,,,,,,,,,,,,,,,,,,,,,,,,,,,,,,,,,,,,,0,8,1.648006558,1.52406311,0.007204235,0,-0.025453161,-0.026674796,1,-0.00258755,,,,,,,,,,,,,,,,,,,,,,,,,,,,,,
1753891212.120287,,,,,,,,,,,,,,,,,,,,,,,,,,,,,,,,,,,,,,,,,0,8,-0.121527269,0,-224.5581818,0,-0.000384238,0,1,0,,,,,,,,,,,,,,,,,,,,,,,,,,,,,,,,,,,,,,,,,,,,,,,,,,,,,,,,,,,,,,,,,,,,,,,,,,,,,,,,,,,,,,,,,,,,,,,,,,,,,,,,,,,,,,,,,,,,,,,,,,,,,,,,,,
1753891212.120293,,,,,,,,,,,,,,,,,,,,,,,,,,,,,,,,,,,,,,,,,,,,,,,,,,,0,8,-0.892125845,-0.945277393,-0.000910789,0,0.017933037,0.016507424,1,0.001535817,,,,,,,,,,,,,,,,,,,,,,,,,,,,,,,,,,,,,,,,,,,,,,,,,,,,,,,,,,,,,,,,,,,,,,,,,,,,,,,,,,,,,,,,,,,,,,,,,,,,,,,,,,,,,,,,,,,,,,,,
1753891212.135510,,,,,,,,,,,,,,,,,,,,,,,,,,,,,,,0,8,-0.00553713,0,-224.4890594,0,0.000209965,0,1,0,,,,,,,,,,,,,,,,,,,,,,,,,,,,,,,,,,,,,,,,,,,,,,,,,,,,,,,,,,,,,,,,,,,,,,,,,,,,,,,,,,,,,,,,,,,,,,,,,,,,,,,,,,,,,,,,,,,,,,,,,,,,,,,,,,,,,,,,,,,,
1753891212.153192,,,,,,,,,,,,,,,,,,,,,,,,,,,,,,,,,,,,,,,,,,,,,,,,,,,,,,,,,,,,,0,8,0.075780161,0,310.6757202,0,0.000619662,0,1,0,,,,,,,,,,,,,,,,,,,,,,,,,,,,,,,,,,,,,,,,,,,,,,,,,,,,,,,,,,,,,,,,,,,,,,,,,,,,,,,,,,,,,,,,,,,,,,,,,,,,,,,,,,,,,,
1753891212.205569,,,,,,,,,,,,,,,,,,,,,0,8,-0.432296872,-0.455797434,0.000314415,0,0.007704637,0.008068871,1,0.000045279,,,,,,,,,,,,,,,,,,,,,,,,,,,,,,,,,,,,,,,,,,,,,,,,,,,,,,,,,,,,,,,,,,,,,,,,,,,,,,,,,,,,,,,,,,,,,,,,,,,,,,,,,,,,,,,,,,,,,,,,,,,,,,,,,,,,,,,,,,,,,,,,,,,,,,
1753891212.209962,,,,,,,,,,,,,,,,,,,,,,,,,,,,,,,,,,,,,,,,,0,8,-0.078116968,0,-224.5581818,0,-0.000687033,0,1,0,,,,,,,,,,,,,,,,,,,,,,,,,,,,,,,,,,,,,,,,,,,,,,,,,,,,,,,,,,,,,,,,,,,,,,,,,,,,,,,,,,,,,,,,,,,,,,,,,,,,,,,,,,,,,,,,,,,,,,,,,,,,,,,,,,
1753891212.211074,,,,,,,,,,,,,,,,,,,,,,,,,,,,,,,,,,,,,,,,,,,,,,,,,,,,,,,,,,,,,,,,,,,,,,,,,,,,,,,,,,,,,,,,,,,,,,,,,,,,,,,,,,,,,,,,,,,,,,,,,,,,,,,,,,,,,,,,,,,,,0,8,1.746134043,1.789673686,0.007330537,0,-0.030472307,-0.031245921,1,-0.001111962,,,,,,,,,,,,,,,,,,,,,,,,,,,,,,
1753891212.217659,,,,,,,,,,,,,,,,,,,,,,,,,,,,,,,,,,,,,,,,,,,,,,,,,,,0,8,-1.011027813,-0.995852232,-0.000941936,0,0.017745232,0.017320866,1,0.000018189,,,,,,,,,,,,,,,,,,,,,,,,,,,,,,,,,,,,,,,,,,,,,,,,,,,,,,,,,,,,,,,,,,,,,,,,,,,,,,,,,,,,,,,,,,,,,,,,,,,,,,,,,,,,,,,,,,,,,,,,
1753891212.257347,,,,,,,,,,,,,,,,,,,,,,,,,,,,,,,0,8,0.012244701,0,-224.4890594,0,-0.00056789,0,1,0,,,,,,,,,,,,,,,,,,,,,,,,,,,,,,,,,,,,,,,,,,,,,,,,,,,,,,,,,,,,,,,,,,,,,,,,,,,,,,,,,,,,,,,,,,,,,,,,,,,,,,,,,,,,,,,,,,,,,,,,,,,,,,,,,,,,,,,,,,,,
1753891212.257367,,,,,,,,,,,,,,,,,,,,,,,,,,,,,,,,,,,,,,,,,,,,,,,,,,,,,,,,,,,,,0,8,0.020897307,0,310.6757202,0,-0.0017984,0,1,0,,,,,,,,,,,,,,,,,,,,,,,,,,,,,,,,,,,,,,,,,,,,,,,,,,,,,,,,,,,,,,,,,,,,,,,,,,,,,,,,,,,,,,,,,,,,,,,,,,,,,,,,,,,,,,
1753891212.302181,,,,,,,,,,,,,,,,,,,,,,,,,,,,,,,,,,,,,,,,,,,,,,,,,,,,,,,,,,,,,,,,,,,,,,,0,8,-0.033244304,0,310.6761169,0,-0.000201901,0,1,0,,,,,,,,,,,,,,,,,,,,,,,,,,,,,,,,,,,,,,,,,,,,,,,,,,,,,,,,,,,,,,,,,,,,,,,,,,,,,,,,,,,,,,,,,,,,,,,,,,,,
1753891212.303505,,,,,,,,,,,,,,,,,,,,,0,8,-0.483198553,-0.456225157,0.000301063,0,0.007244357,0.008069818,1,-0.001332631,,,,,,,,,,,,,,,,,,,,,,,,,,,,,,,,,,,,,,,,,,,,,,,,,,,,,,,,,,,,,,,,,,,,,,,,,,,,,,,,,,,,,,,,,,,,,,,,,,,,,,,,,,,,,,,,,,,,,,,,,,,,,,,,,,,,,,,,,,,,,,,,,,,,,,
1753891212.308291,0,8,0.041712333,0,293.0605469,0,0.000088394,0,1,0,,,,,,,,,,,,,,,,,,,,,,,,,,,,,,,,,,,,,,,,,,,,,,,,,,,,,,,,,,,,,,,,,,,,,,,,,,,,,,,,,,,,,,,,,,,,,,,,,,,,,,,,,,,,,,,,,,,,,,,,,,,,,,,,,,,,,,,,,,,,,,,,,,,,,,,,,,,,,,,,,,,,,,,,,,
1753891212.310502,,,,,,,,,,,,,,,,,,,,,,,,,,,,,,,,,,,,,,,,,0,8,-0.047086366,0,-224.5581818,0,-0.002441528,0,1,0,,,,,,,,,,,,,,,,,,,,,,,,,,,,,,,,,,,,,,,,,,,,,,,,,,,,,,,,,,,,,,,,,,,,,,,,,,,,,,,,,,,,,,,,,,,,,,,,,,,,,,,,,,,,,,,,,,,,,,,,,,,,,,,,,,
1753891212.311996,,,,,,,,,,,,,,,,,,,,,,,,,,,,,,,,,,,,,,,,,,,,,,,,,,,,,,,,,,,,,,,,,,,,,,,,,,,,,,,,,,,,,,,,,,,,,,,,,,,,,,,,,,,,,,,0,8,-0.391333967,-0.416784137,-0.000426888,0,0.008281983,0.00724979,1,0.001391119,,,,,,,,,,,,,,,,,,,,,,,,,,,,,,,,,,,,,,,,,,,,,,,,,,,,,,,,,,,,
1753891212.312177,,,,,,,,,,,,,,,,,,,,,,,,,,,,,,,,,,,,,,,,,,,,,,,,,,,,,,,,,,,,,,,,,,,,,,,,,,,,,,,,,,,,,,,,,,,,,,,,,,,,,,,,,,,,,,,,,,,,,,,,,,,,,,,,,,,,,,,,,,,,,0,8,1.719910264,2.086110592,0.007203341,0,-0.027241407,-0.036538679,1,-0.001836829,,,,,,,,,,,,,,,,,,,,,,,,,,,,,,
1753891212.318047,,,,,,,,,,,,,,,,,,,,,,,,,,,,,,,,,,,,,,,,,,,,,,,,,,,0,8,-0.9674775,-1.035219073,-0.000940226,0,0.018558012,0.018064296,1,0.000173552,,,,,,,,,,,,,,,,,,,,,,,,,,,,,,,,,,,,,,,,,,,,,,,,,,,,,,,,,,,,,,,,,,,,,,,,,,,,,,,,,,,,,,,,,,,,,,,,,,,,,,,,,,,,,,,,,,,,,,,,
1753891212.339912,,,,,,,,,,,,,,,,,,,,,,,,,,,,,,,0,8,0.065814942,0,-224.4890594,0,-0.000605131,0,1,0,,,,,,,,,,,,,,,,,,,,,,,,,,,,,,,,,,,,,,,,,,,,,,,,,,,,,,,,,,,,,,,,,,,,,,,,,,,,,,,,,,,,,,,,,,,,,,,,,,,,,,,,,,,,,,,,,,,,,,,,,,,,,,,,,,,,,,,,,,,,
1753891212.352983,,,,,,,,,,,,,,,,,,,,,,,,,,,,,,,,,,,,,,,,,,,,,,,,,,,,,,,,,,,,,0,8,0.004106849,0,310.6757202,0,0.001781316,0,1,0,,,,,,,,,,,,,,,,,,,,,,,,,,,,,,,,,,,,,,,,,,,,,,,,,,,,,,,,,,,,,,,,,,,,,,,,,,,,,,,,,,,,,,,,,,,,,,,,,,,,,,,,,,,,,,
1753891212.375277,,,,,,,,,,,,,,,,,,,,,,,,,,,,,,,,,,,,,,,,,,,,,,,,,,,,,,,,,,,,,,,,,,,,,,,,,,,,,,,,,0,8,-1.054290533,-1.074902534,-0.000555217,0,0.019675428,0.018790497,1,-0.001697568,,,,,,,,,,,,,,,,,,,,,,,,,,,,,,,,,,,,,,,,,,,,,,,,,,,,,,,,,,,,,,,,,,,,,,,,,,,,,,,,,,,,,,,,,,
1753891212.402462,,,,,,,,,,,,,,,,,,,,,,,,,,,,,,,,,,,,,,,,,,,,,,,,,,,,,,,,,,,,,,,,,,,,,,,0,8,0.017712146,0,310.6761169,0,-0.001723729,0,1,0,,,,,,,,,,,,,,,,,,,,,,,,,,,,,,,,,,,,,,,,,,,,,,,,,,,,,,,,,,,,,,,,,,,,,,,,,,,,,,,,,,,,,,,,,,,,,,,,,,,,
1753891212.403373,,,,,,,,,,,,,,,,,,,,,0,8,-0.47711277,-0.426977605,0.000333369,0,0.008839107,0.007468057,1,0.000306646,,,,,,,,,,,,,,,,,,,,,,,,,,,,,,,,,,,,,,,,,,,,,,,,,,,,,,,,,,,,,,,,,,,,,,,,,,,,,,,,,,,,,,,,,,,,,,,,,,,,,,,,,,,,,,,,,,,,,,,,,,,,,,,,,,,,,,,,,,,,,,,,,,,,,,
1753891212.410549,,,,,,,,,,,,,,,,,,,,,,,,,,,,,,,,,,,,,,,,,,,,,,,,,,,,,,,,,,,,,,,,,,,,,,,,,,,,,,,,,,,,,,,,,,,,,,,,,,,,,,,,,,,,,,,0,8,-0.391553193,-0.432920098,-0.000421822,0,0.005083782,0.007589818,1,0.00072295,,,,,,,,,,,,,,,,,,,,,,,,,,,,,,,,,,,,,,,,,,,,,,,,,,,,,,,,,,,,
1753891212.411993,,,,,,,,,,,,,,,,,,,,,,,,,,,,,,,,,,,,,,,,,,,,,,,,,,,,,,,,,,,,,,,,,,,,,,,,,,,,,,,,,,,,,,,,,,,,,,,,,,,,,,,,,,,,,,,,,,,,,,,,,,,,,,,,,,,,,,,,,,,,,0,8,1.639221787,1.756440997,0.005664766,0,-0.029870464,-0.030615401,1,-0.024987945,,,,,,,,,,,,,,,,,,,,,,,,,,,,,,
